{
 "Architecture": "x86_64",
 "BridgeNfIp6tables": true,
 "BridgeNfIptables": true,
 "CPUSet": true,
 "CPUShares": true,
 "CgroupDriver": "cgroupfs",
 "CgroupVersion": "1",
 "ClientInfo": {
  "Context": "default",
  "Debug": false,
  "Plugins": [
   {
    "Experimental": true,
    "Name": "app",
    "Path": "/usr/local/lib/docker/cli-plugins/docker-app",
    "SchemaVersion": "0.1.0",
    "ShortDescription": "Docker App",
    "Vendor": "Docker Inc.",
    "Version": "v0.9.1-beta3"
   },
   {
    "Name": "buildx",
    "Path": "/usr/local/lib/docker/cli-plugins/docker-buildx",
    "SchemaVersion": "0.1.0",
    "ShortDescription": "Build with BuildKit",
    "Vendor": "Docker Inc.",
    "Version": "v0.5.1-docker"
   },
   {
    "Name": "scan",
    "Path": "/usr/local/lib/docker/cli-plugins/docker-scan",
    "SchemaVersion": "0.1.0",
    "ShortDescription": "Docker Scan",
    "Vendor": "Docker Inc.",
    "Version": "v0.5.0"
   }
  ],
  "Warnings": null
 },
 "ContainerdCommit": {
  "Expected": "269548fa27e0089a8b8278fc4fc781d7f65a939b",
  "ID": "269548fa27e0089a8b8278fc4fc781d7f65a939b"
 },
 "Containers": 6,
 "ContainersPaused": 0,
 "ContainersRunning": 0,
 "ContainersStopped": 6,
 "CpuCfsPeriod": true,
 "CpuCfsQuota": true,
 "Debug": false,
 "DefaultRuntime": "runc",
 "DockerRootDir": "/var/lib/docker",
 "Driver": "overlay2",
 "DriverStatus": [
  [
   "Backing Filesystem",
   "extfs"
  ],
  [
   "Supports d_type",
   "true"
  ],
  [
   "Native Overlay Diff",
   "true"
  ]
 ],
 "ExperimentalBuild": false,
 "GenericResources": null,
 "HttpProxy": "gateway.docker.internal:3128",
 "HttpsProxy": "gateway.docker.internal:3129",
 "ID": "YOAT:MMWO:TFQP:3D7W:LDW3:WJU5:MRHB:5ZXP:JFDN:W45Y:SX45:JSLB",
 "IPv4Forwarding": true,
 "Images": 33,
 "IndexServerAddress": "https://index.docker.io/v1/",
 "InitBinary": "docker-init",
 "InitCommit": {
  "Expected": "de40ad0",
  "ID": "de40ad0"
 },
 "Isolation": "",
 "KernelMemory": true,
 "KernelMemoryTCP": true,
 "KernelVersion": "4.19.121-linuxkit",
 "Labels": [],
 "LiveRestoreEnabled": false,
 "LoggingDriver": "json-file",
 "MemTotal": 2086899712,
 "MemoryLimit": true,
 "NCPU": 4,
 "NEventsListener": 3,
 "NFd": 40,
 "NGoroutines": 44,
 "Name": "docker-desktop",
 "NoProxy": "",
 "OSType": "linux",
 "OSVersion": "",
 "OomKillDisable": true,
 "OperatingSystem": "Docker Desktop",
 "PidsLimit": true,
 "Plugins": {
  "Authorization": null,
  "Log": [
   "awslogs",
   "fluentd",
   "gcplogs",
   "gelf",
   "journald",
   "json-file",
   "local",
   "logentries",
   "splunk",
   "syslog"
  ],
  "Network": [
   "bridge",
   "host",
   "ipvlan",
   "macvlan",
   "null",
   "overlay"
  ],
  "Volume": [
   "local"
  ]
 },
 "RegistryConfig": {
  "AllowNondistributableArtifactsCIDRs": [],
  "AllowNondistributableArtifactsHostnames": [],
  "IndexConfigs": {
   "docker.io": {
    "Mirrors": [],
    "Name": "docker.io",
    "Official": true,
    "Secure": true
   }
  },
  "InsecureRegistryCIDRs": [
   "127.0.0.0/8"
  ],
  "Mirrors": []
 },
 "RuncCommit": {
  "Expected": "ff819c7e9184c13b7c2607fe6c30ae19403a7aff",
  "ID": "ff819c7e9184c13b7c2607fe6c30ae19403a7aff"
 },
 "Runtimes": {
  "io.containerd.runc.v2": {
   "path": "runc"
  },
  "io.containerd.runtime.v1.linux": {
   "path": "runc"
  },
  "runc": {
   "path": "runc"
  }
 },
 "SecurityOptions": [
  "name=seccomp,profile=default"
 ],
 "ServerVersion": "20.10.2",
 "SwapLimit": true,
 "Swarm": {
  "ControlAvailable": false,
  "Error": "",
  "LocalNodeState": "inactive",
  "NodeAddr": "",
  "NodeID": "",
  "RemoteManagers": null
 },
 "SystemTime": "2021-02-08T23:53:39.3600533Z",
 "Warnings": null
}
